<addon id="plugin.video.dradis" version="4.04.01" name="Dradis" provider-name="kodifitzwell">
	<requires>
		<import addon="xbmc.python" version="3.0.0" />
		<import addon="script.module.requests" />
		<import addon="plugin.video.youtube" optional="true" />
	</requires>
	<extension point="xbmc.python.pluginsource" library="dradis.py">
		<provides>video</provides>
	</extension>
	<extension point="xbmc.service" library="service.py" start="startup" />
	<extension point="xbmc.python.module" library="resources/lib/" />
	<extension point="xbmc.addon.metadata">
		<reuselanguageinvoker>true</reuselanguageinvoker>
		<summary lang="en">[COLOR red]Dradis[/COLOR] - We do not host any of the contents streamed</summary>
		<description lang="en">[B][COLOR red]Dradis[/COLOR][/B][CR]This addon does not form part of the Kodi Media Centre. Please do not seek assistance with this addon from any of the Official Kodi Support Channels.[CR]The author does not host any of the content in this addon and takes no responsibility for content found</description>
		<platform>all</platform>
		<license>GNU GENERAL PUBLIC LICENSE. Version 3, 29 June 2007</license>
		<forum />
		<disclaimer lang="en">The author of this addon does not host any of the content which is found and have no affiliation with any of the content providers. This addon simply searches websites for content. Use at your own risk!</disclaimer>
		<assets>
			<icon>icon.png</icon>
			<fanart>fanart.jpg</fanart>
		</assets>
		<news>
[B][COLOR red]Update - April 2024[/COLOR][/B]
[COLOR yellow]--[/COLOR][I][COLOR red] NOTICE: Trakt re-authorization required with this release.[/COLOR][/I]
   [I]Trakt will not work without due to separating api keys for each addon in repo.[/I]
[COLOR yellow]--[/COLOR][I] Added debrid check status to Scraper Progress Dialog.[/I]
[COLOR yellow]--[/COLOR][I] Added workaround for Opensubtitles.[/I]
[COLOR yellow]--[/COLOR][I] Added Trakt "Trending Recent" and "Genres" for "Discover" categories.  May need to open Settings > Navigation and select "OK" to activate.[/I]
[COLOR yellow]--[/COLOR][I] Added Offcloud support.  Offcloud does not return metadata like file size from cloud items, do not report zero file sizes.[/I]
[COLOR yellow]--[/COLOR][I] Removed Furk.[/I]
[COLOR yellow]--[/COLOR][I] Other changes.[/I]
		</news>
	</extension>
</addon>
