<?xml version="1.0" encoding="UTF-8"?>
<window>
    <controls>
        <control type="image">
            <animation type="WindowOpen" reversible="false">
                <effect type="fade" start="100" end="75" time="500" />
            </animation>
            <texture>common/black.png</texture>
        </control>
        <control type="image">
            <centerleft>50%</centerleft>
            <centertop>50%</centertop>
            <width max="480">auto</width>
            <height>200</height>
            <texture>$INFO[Window().Property(onemoar.clearlogo)]</texture>
            <aspectratio>keep</aspectratio>
            <visible>!String.IsEmpty(Window().Property(onemoar.clearlogo)) + String.IsEqual(Window().Property(onemoar.icon_only),true)</visible>
        </control>
        <control type="image">
            <centerleft>50%</centerleft>
            <centertop>50%</centertop>
            <width>250</width>
            <height>250</height>
            <texture colordiffuse="$INFO[Window().Property(onemoar.highlight.color)]">common/spinner.gif</texture>
            <animation effect="fade" start="75" end="75">Visible</animation>
            <aspectratio>keep</aspectratio>
            <visible>String.IsEmpty(Window().Property(onemoar.clearlogo)) + String.IsEqual(Window().Property(onemoar.icon_only),true)</visible>
        </control>
        <control type="progress" id="5000">
            <description>My progress control from hell</description>
            <left>0</left>
            <top>0</top>
            <width>100</width>
            <height>100</height>
            <visible>false</visible>
            <reveal>false</reveal>
            <texturebg colordiffuse="FFE68B00">common/grayonemoar.png</texturebg>
           <info></info>
        </control>
    </controls>
</window>
