<?xml version="1.0" encoding="UTF-8"?>
<window>
    <controls>
        <control type="image">
            <left>0</left>
            <top>0</top>
            <width>1920</width>
            <height>1080</height>
            <texture colordiffuse="FF000000">common/whitesmall.png</texture>
            <animation type="WindowOpen" reversible="false">
                <effect type="fade" start="0" end="80" time="200" tween="sine" easing="in" />
            </animation>
        </control>
        <control type="group">
            <animation type="WindowOpen" reversible="false">
                <effect type="fade" start="0" end="100" time="150" tween="sine" easing="in" />
                <effect type="zoom" start="0" end="100" time="150" center="auto" tween="quadratic" easing="out" />
            </animation>
            <left>500</left>
            <top>325</top>
            <control type="image">
                <height>430</height>
                <width>920</width>
                <texture border="16" colordiffuse="$INFO[Window.Property(onemoar.backgroundColor)]">common/dialog.png</texture>
            </control>
            <control type="image">
                <height>50</height>
                <width>920</width>
                <texture border="16" colordiffuse="$INFO[Window.Property(onemoar.titleBarColor)]">common/dialogtop.png</texture>
            </control>
            <control type="image">
                <left>4</left>
                <top>4</top>
                <width>45</width>
                <height>45</height>
                <align>left</align>
                <aligny>top</aligny>
                <aspectratio aligny="top">keep</aspectratio>
                <texture colordiffuse="FFCCCCCC">common/icon.png</texture>
                <visible>String.IsEqual(Window().Property(onemoar.qr),1)+String.IsEqual(Window().Property(onemoar.artwork),0)</visible>
            </control>
            <control type="group">
                <left>5</left>
                <top>5</top>
                <control type="image" id="200">
                    <left>640</left>
                    <top>85</top>
                    <width>250</width>
                    <height>250</height>
                    <aspectratio aligny="top">stretch</aspectratio>
                    <visible>String.IsEqual(Window().Property(onemoar.qr),1)</visible>
                </control>
                <control type="image" id="201">
                    <left>640</left>
                    <top>55</top>
                    <width>250</width>
                    <height>350</height>
                    <aspectratio aligny="top">stretch</aspectratio>
                    <visible>String.IsEqual(Window().Property(onemoar.artwork),1)</visible>
                </control>
                <control type="image" id="2020">
                    <left>640</left>
                    <top>85</top>
                    <width>250</width>
                    <height>250</height>
                    <texture colordiffuse="$INFO[Window.Property(onemoar.titleBarColor)]">common/spinner.gif</texture>
                    <animation effect="fade" start="75" end="75">Visible</animation>
                    <aspectratio>keep</aspectratio>
                    <visible>Integer.IsGreater(Window().Property(percent),0)+String.IsEqual(Window().Property(onemoar.qr),0)</visible>
                </control>
                <control type="label" id="2000">
                    <width>910</width>
                    <top>5</top>
                    <left>5</left>
                    <height>20</height>
                    <align>center</align>
                    <font>font16</font>
                    <textcolor>$INFO[Window.Property(onemoar.titleTextColor)]</textcolor>
                    <label>[UPPERCASE][B]$INFO[Window.Property(onemoar.label)][/B][/UPPERCASE]</label>
                </control>
                <control type="textbox" id="2001">
                    <top>75</top>
                    <left>20</left>
                    <width>600</width>
                    <height>250</height>
                    <font>font13</font>
                    <textcolor>$INFO[Window.Property(onemoar.textColor)]</textcolor>
                    <align>left</align>
                    <aligny>top</aligny>
                </control>
                <control type="progress" id="5000">
                    <description>Progressbar</description>
                    <top>395</top>
                    <left>0</left>
                    <width>910</width>
                    <height>25</height>
                    <reveal>true</reveal>
                    <visible>String.IsEqual(Window().Property(onemoar.qr),1)+Integer.IsGreater(Window().Property(percent),0)</visible>
                </control>
            </control>
        </control>
    </controls>
</window>
