<?xml version="1.0" encoding="UTF-8"?>
<window>
	<controls>
		<control type="image">
			<texture colordiffuse="BFFFFFFF">common/black.png</texture>
		</control>
		<control type="group">
			<centertop>50%</centertop>
			<centerleft>50%</centerleft>
			<width>768</width>
			<height>432</height>
			<control type="image">
				<texture colordiffuse="dimgray">common/white.png</texture>
				<bordertexture border="-4" infill="false" colordiffuse="firebrick">common/white.png</bordertexture>
				<visible>String.IsEmpty(Window().Property(dradis.fanart)</visible>
			</control>
			<control type="image">
				<texture>common/black.png</texture>
				<bordertexture border="-4" infill="false" colordiffuse="firebrick">common/white.png</bordertexture>
				<visible>!String.IsEmpty(Window().Property(dradis.fanart)</visible>
			</control>
			<control type="image">
				<width max="768">auto</width>
				<height>432</height>
				<aspectratio aligny="center">keep</aspectratio>
				<texture colordiffuse="40FFFFFF">$INFO[Window().Property(dradis.fanart)]</texture>
			</control>
			<control type="image">
				<top>20</top>
				<centerleft>50%</centerleft>
				<width max="480">auto</width>
				<height>200</height>
				<aspectratio aligny="center">keep</aspectratio>
				<texture>$INFO[Window().Property(dradis.clearlogo)]</texture>
				<visible>!String.IsEmpty(Window().Property(dradis.clearlogo)</visible>
			</control>
			<control type="label">
				<top>20</top>
				<left>100</left>
				<width max="568">auto</width>
				<height>200</height>
				<font>font14</font>
				<textcolor>white</textcolor>
				<align>center</align>
				<aligny>center</aligny>
				<label>$INFO[Window().Property(dradis.heading)]</label>
				<visible>String.IsEmpty(Window().Property(dradis.clearlogo)</visible>
			</control>
			<control type="textbox" id="2000">
				<top>260</top>
				<centerleft>50%</centerleft>
				<width>95%</width>
				<height>168</height>
				<font>font12</font>
				<align>center</align>
				<aligny>top</aligny>
				<textcolor>white</textcolor>
			</control>
		</control>
	</controls>
</window>
