<addon id="plugin.video.onemoar" name="OneMoar" provider-name="kodifitzwell" version="4.04.15">
	<requires>
		<import addon="xbmc.python" version="3.0.0"/>
		<import addon="script.module.requests"/>
		<import addon="plugin.video.youtube" optional="true"/>
	</requires>
	<extension point="xbmc.python.pluginsource" library="onemoar.py">
		<provides>video</provides>
	</extension>
	<extension point="kodi.context.item">
		<menu id="kodi.core.main">
			<item library="resources\lib\context\addtoLibrary.py">
				<label>$INFO[Window(home).Property(context.onemoar.showOneMoar)]Add to Library</label>
				<visible>
					!String.IsEmpty(Window(home).Property(context.onemoar.addtoLibrary)) +
					String.StartsWith(ListItem.path,plugin://plugin.video.onemoar/) +
					String.IsEqual(ListItem.Property(isOneMoar_widget),true) +
					[String.IsEqual(ListItem.dbtype,episode) | String.IsEqual(ListItem.dbtype,tvshow) | String.IsEqual(ListItem.dbtype,season) | String.IsEqual(ListItem.dbtype,movie)]
				</visible>
			</item>
			<item library="resources\lib\context\addtoFavourite.py">
				<label>$INFO[Window(home).Property(context.onemoar.showOneMoar)]Add/Remove Favourite</label>
				<visible>
					!String.IsEmpty(Window(home).Property(context.onemoar.addtoFavourite)) +
					String.StartsWith(ListItem.path,plugin://plugin.video.onemoar/) +
					String.IsEqual(ListItem.Property(isOneMoar_widget),true) +
					[String.IsEqual(ListItem.dbtype,episode) | String.IsEqual(ListItem.dbtype,tvshow) | String.IsEqual(ListItem.dbtype,movie)]
				</visible>
			</item>
			<item library="resources\lib\context\playTrailer.py">
				<label>$INFO[Window(home).Property(context.onemoar.showOneMoar)]Play Trailer</label>
				<visible>
					!String.IsEmpty(Window(home).Property(context.onemoar.playTrailer)) +
					String.StartsWith(ListItem.path,plugin://plugin.video.onemoar/) +
					String.IsEqual(ListItem.Property(isOneMoar_widget),true) +
					[String.IsEqual(ListItem.dbtype,tvshow) | String.IsEqual(ListItem.dbtype,movie)]
				</visible>
			</item>
			<item library="resources\lib\context\playTrailerSelect.py">
				<label>$INFO[Window(home).Property(context.onemoar.showOneMoar)]Play Trailer (Select)</label>
				<visible>
					!String.IsEmpty(Window(home).Property(context.onemoar.playTrailerSelect)) +
					String.StartsWith(ListItem.path,plugin://plugin.video.onemoar/) +
					String.IsEqual(ListItem.Property(isOneMoar_widget),true) +
					[String.IsEqual(ListItem.dbtype,tvshow) | String.IsEqual(ListItem.dbtype,movie)]
				</visible>
			</item>
			<item library="resources\lib\context\traktManager.py">
				<label>$INFO[Window(home).Property(context.onemoar.showOneMoar)]Trakt Manager</label>
				<visible>
					!String.IsEmpty(Window(home).Property(context.onemoar.traktManager)) +
					String.StartsWith(ListItem.path,plugin://plugin.video.onemoar/) +
					String.IsEqual(ListItem.Property(isOneMoar_widget),true) +
					[String.IsEqual(ListItem.dbtype,episode) | String.IsEqual(ListItem.dbtype,tvshow) | String.IsEqual(ListItem.dbtype,season) | String.IsEqual(ListItem.dbtype,movie)]
				</visible>
			</item>
			<item library="resources\lib\context\clearProviders.py">
				<label>$INFO[Window(home).Property(context.onemoar.showOneMoar)]Clear Providers</label>
				<visible>
					[!String.IsEmpty(Window(home).Property(context.onemoar.clearProviders)) +
					String.StartsWith(ListItem.FolderPath,plugin://plugin.video.onemoar/?action=play) +
					String.IsEqual(ListItem.Property(isOneMoar_widget),true) +
					[String.IsEqual(ListItem.dbtype,episode) | String.IsEqual(ListItem.dbtype,movie)]] |
					[String.Contains(Container.FolderPath,videodb://) +
					[String.Contains(Container.ListItem.Path,Window(home).Property(onemoar.movieLib.path)) | String.Contains(Container.ListItem.Path,Window(home).Property(onemoar.tvLib.path))] +
					[String.IsEqual(ListItem.dbtype,episode) | String.IsEqual(ListItem.dbtype,movie)]]
				</visible>
			</item>
			<item library="resources\lib\context\clearBookmark.py">
				<label>$INFO[Window(home).Property(context.onemoar.showOneMoar)]Clear Item Bookmark</label>
				<visible>
					!String.IsEmpty(Window(home).Property(context.onemoar.clearBookmark)) +
					String.StartsWith(ListItem.FolderPath,plugin://plugin.video.onemoar/?action=play) +
					String.IsEqual(ListItem.Property(isOneMoar_widget),true) +
					ListItem.IsResumable +
					[String.IsEqual(ListItem.dbtype,episode) | String.IsEqual(ListItem.dbtype,movie)]
				</visible>
			</item>
			<item library="resources\lib\context\rescrape.py">
				<label>$INFO[Window(home).Property(context.onemoar.showOneMoar)]Rescrape Item</label>
				<visible>
					[!String.IsEmpty(Window(home).Property(context.onemoar.rescrape)) +
					String.StartsWith(ListItem.FolderPath,plugin://plugin.video.onemoar/?action=play) +
					String.IsEqual(ListItem.Property(isOneMoar_widget),true) +
					[String.IsEqual(ListItem.dbtype,episode) | String.IsEqual(ListItem.dbtype,movie)]]
				</visible>
			</item>
			<item library="resources\lib\context\addLibtoFavourite.py">
				<label>$INFO[Window(home).Property(context.onemoar.showOneMoar)]Add/Remove Favourite</label>
				<visible>
					[String.Contains(Container.FolderPath,videodb://) | String.Contains(Container.ListItem.FolderPath,videodb://)] +
					[String.Contains(Container.ListItem.Path,Window(home).Property(onemoar.movieLib.path)) | String.Contains(Container.ListItem.Path,Window(home).Property(onemoar.tvLib.path))] +
					[String.IsEqual(ListItem.dbtype,episode) | String.IsEqual(ListItem.dbtype,movie)]
				</visible>
			</item>
			<item library="resources\lib\context\libRescrape.py">
				<label>$INFO[Window(home).Property(context.onemoar.showOneMoar)]Rescrape Lib Item</label>
				<visible>
					[String.Contains(Container.FolderPath,videodb://) | String.Contains(Container.ListItem.FolderPath,videodb://)] +
					[String.Contains(Container.ListItem.Path,Window(home).Property(onemoar.movieLib.path)) | String.Contains(Container.ListItem.Path,Window(home).Property(onemoar.tvLib.path))] +
					[String.IsEqual(ListItem.dbtype,episode) | String.IsEqual(ListItem.dbtype,movie)]
				</visible>
			</item>
			<item library="resources\lib\context\playFromHere.py">
				<label>$INFO[Window(home).Property(context.onemoar.showOneMoar)]Play from here</label>
				<visible>
					!String.IsEmpty(Window(home).Property(context.onemoar.playFromHere)) +
					String.StartsWith(ListItem.path,plugin://plugin.video.onemoar/) +
					String.IsEqual(ListItem.Property(isOneMoar_widget),true) +
					String.IsEqual(ListItem.dbtype,episode)
				</visible>
			</item>
			<item library="resources\lib\context\autoPlay.py">
				<label>$INFO[Window(home).Property(context.onemoar.showOneMoar)]Auto Play</label>
				<visible>
					String.IsEmpty(Window(home).Property(onemoar.autoPlay.enabled)) +
					!String.IsEmpty(Window(home).Property(context.onemoar.autoPlay)) +
					String.StartsWith(ListItem.FolderPath,plugin://plugin.video.onemoar/?action=play) +
					String.IsEqual(ListItem.Property(isOneMoar_widget),true) +
					[String.IsEqual(ListItem.dbtype,episode) | String.IsEqual(ListItem.dbtype,movie)]
				</visible>
			</item>
			<item library="resources\lib\context\sourceSelect.py">
				<label>$INFO[Window(home).Property(context.onemoar.showOneMoar)]Source Select</label>
				<visible>
					!String.IsEmpty(Window(home).Property(onemoar.autoPlay.enabled)) +
					!String.IsEmpty(Window(home).Property(context.onemoar.sourceSelect)) +
					String.StartsWith(ListItem.FolderPath,plugin://plugin.video.onemoar/?action=play) +
					String.IsEqual(ListItem.Property(isOneMoar_widget),true) +
					[String.IsEqual(ListItem.dbtype,episode) | String.IsEqual(ListItem.dbtype,movie)]
				</visible>
			</item>
			<item library="resources\lib\context\findSimilar.py">
				<label>$INFO[Window(home).Property(context.onemoar.showOneMoar)]Find Similar</label>
				<visible>
					!String.IsEmpty(Window(home).Property(context.onemoar.findSimilar)) +
					String.StartsWith(ListItem.path,plugin://plugin.video.onemoar/) +
					String.IsEqual(ListItem.Property(isOneMoar_widget),true) +
					[String.IsEqual(ListItem.dbtype,tvshow) | String.IsEqual(ListItem.dbtype,movie)]
				</visible>
			</item>
			<item library="resources\lib\context\browseSeries.py">
				<label>$INFO[Window(home).Property(context.onemoar.showOneMoar)]Browse Series</label>
				<visible>
					!String.IsEmpty(Window(home).Property(context.onemoar.browseSeries)) +
					String.StartsWith(ListItem.path,plugin://plugin.video.onemoar/) +
					String.IsEqual(ListItem.Property(isOneMoar_widget),true) +
					[String.IsEqual(ListItem.dbtype,episode) | String.IsEqual(ListItem.dbtype,tvshow)]
				</visible>
			</item>
			<item library="resources\lib\context\browseEpisodes.py">
				<label>$INFO[Window(home).Property(context.onemoar.showOneMoar)]Browse Episodes</label>
				<visible>
					!String.IsEmpty(Window(home).Property(context.onemoar.browseEpisodes)) +
					String.StartsWith(ListItem.path,plugin://plugin.video.onemoar/) +
					String.IsEqual(ListItem.Property(isOneMoar_widget),true) +
					String.IsEqual(ListItem.dbtype,episode)
				</visible>
			</item>
		</menu>
	</extension>
	<extension point="xbmc.service" library="service.py" start="startup"/>
	<extension point="xbmc.python.module" library="resources/lib/"/>
	<extension point="xbmc.addon.metadata">
		<reuselanguageinvoker>true</reuselanguageinvoker>
		<summary lang="en">[COLOR FF37B6FF]OneMoar[/COLOR] - [I]"Just one more episode"[/I][CR]</summary>
		<description lang="en">[B]OneMoar[/B][CR]We do not host any of the contents streamed. This addon does not form part of the Kodi Media Centre. Please do not seek assistance with this addon from any of the Official Kodi Support Channels.[CR]The author does not host any of the content in this addon and takes no responsibility for content found.</description>
		<platform>all</platform>
		<license>GNU GENERAL PUBLIC LICENSE. Version 3, 29 June 2007</license>
		<forum/>
		<website />
		<source />
		<disclaimer lang="en">The author of this addon does not host any of the content which is found and have no affiliation with any of the content providers. This addon simply searches websites for content. Use at your own risk!</disclaimer>
		<assets>
			<icon>icon.png</icon>
			<fanart>fanart.jpg</fanart>
			<screenshot>resources/screenshots/screenshot001.png</screenshot>
			<screenshot>resources/screenshots/screenshot002.jpg</screenshot>
		</assets>
		<news />
	</extension>

</addon>