<?xml version="1.0" encoding="UTF-8"?>
<window>
    <controls>
        <control type="group">
            <animation type="WindowOpen" reversible="false">
                <effect type="fade" start="0" end="80" time="200" tween="sine" easing="in" />
                <effect type="slide" start="0,-360" end="0" time="200" center="auto" tween="cubic" easing="in" />
            </animation>
            <control type="image" id="202">
                <width>90</width>
                <height>90</height>
                <top>0</top>
                <right>0</right>
                <texture>common/umb1.png</texture>
                <animation effect="fade" start="0" end="70" time="0" tween="sine" easing="in">WindowOpen</animation>
                <visible>Integer.IsGreaterOrEqual(Window().Property(percent),01)</visible>
                <visible>!Integer.IsGreaterOrEqual(Window().Property(percent),09)</visible>
            </control>
            <control type="image" id="203">
                <width>90</width>
                <height>90</height>
                <top>0</top>
                <right>0</right>
                <texture>common/umb2.png</texture>
                <animation effect="fade" start="0" end="70" time="0" tween="sine" easing="in">WindowOpen</animation>
                <visible>Integer.IsGreaterOrEqual(Window().Property(percent),02)</visible>
                <visible>!Integer.IsGreaterOrEqual(Window().Property(percent),09)</visible>
            </control>
            <control type="image" id="204">
                <width>90</width>
                <height>90</height>
                <top>0</top>
                <right>0</right>
                <texture>common/umb3.png</texture>
                <animation effect="fade" start="0" end="70" time="0" tween="sine" easing="in">WindowOpen</animation>
                <visible>Integer.IsGreaterOrEqual(Window().Property(percent),03)</visible>
                <visible>!Integer.IsGreaterOrEqual(Window().Property(percent),09)</visible>
            </control>
            <control type="image" id="205">
                <width>90</width>
                <height>90</height>
                <top>0</top>
                <right>0</right>
                <texture>common/umb4.png</texture>
                <animation effect="fade" start="0" end="70" time="0" tween="sine" easing="in">WindowOpen</animation>
                <visible>Integer.IsGreaterOrEqual(Window().Property(percent),04)</visible>
                <visible>!Integer.IsGreaterOrEqual(Window().Property(percent),09)</visible>
            </control>
            <control type="image" id="206">
                <width>90</width>
                <height>90</height>
                <top>0</top>
                <right>0</right>
                <texture>common/umb5.png</texture>
                <animation effect="fade" start="0" end="70" time="0" tween="sine" easing="in">WindowOpen</animation>
                <visible>Integer.IsGreaterOrEqual(Window().Property(percent),05)</visible>
                <visible>!Integer.IsGreaterOrEqual(Window().Property(percent),09)</visible>
            </control>
            <control type="image" id="207">
                <width>90</width>
                <height>90</height>
                <top>0</top>
                <right>0</right>
                <texture>common/umb6.png</texture>
                <animation effect="fade" start="0" end="70" time="0" tween="sine" easing="in">WindowOpen</animation>
                <visible>Integer.IsGreaterOrEqual(Window().Property(percent),06)</visible>
                <visible>!Integer.IsGreaterOrEqual(Window().Property(percent),09)</visible>
            </control>
            <control type="image" id="208">
                <width>90</width>
                <height>90</height>
                <top>0</top>
                <right>0</right>
                <texture>common/umb7.png</texture>
                <animation effect="fade" start="0" end="70" time="0" tween="sine" easing="in">WindowOpen</animation>
                <visible>Integer.IsGreaterOrEqual(Window().Property(percent),07)</visible>
                <visible>!Integer.IsGreaterOrEqual(Window().Property(percent),09)</visible>
            </control>
            <control type="image" id="209">
                <width>90</width>
                <height>90</height>
                <top>0</top>
                <right>0</right>
                <texture>common/umb8.png</texture>
                <animation effect="fade" start="0" end="70" time="0" tween="sine" easing="in">WindowOpen</animation>
                <visible>Integer.IsGreaterOrEqual(Window().Property(percent),08)</visible>
                <visible>!Integer.IsGreaterOrEqual(Window().Property(percent),09)</visible>
            </control>
            <control type="image" id="210">
                <width>90</width>
                <height>90</height>
                <top>0</top>
                <right>0</right>
                <texture>common/umb1.png</texture>
                <animation effect="fade" start="0" end="70" time="0" tween="sine" easing="in">WindowOpen</animation>
                <visible>Integer.IsGreaterOrEqual(Window().Property(percent),09)</visible>
                <visible>!Integer.IsGreaterOrEqual(Window().Property(percent),17)</visible>
            </control>
            <control type="image" id="211">
                <width>90</width>
                <height>90</height>
                <top>0</top>
                <right>0</right>
                <texture>common/umb2.png</texture>
                <animation effect="fade" start="0" end="70" time="0" tween="sine" easing="in">WindowOpen</animation>
                <visible>Integer.IsGreaterOrEqual(Window().Property(percent),10)</visible>
                <visible>!Integer.IsGreaterOrEqual(Window().Property(percent),17)</visible>
            </control>
            <control type="image" id="212">
                <width>90</width>
                <height>90</height>
                <top>0</top>
                <right>0</right>
                <texture>common/umb3.png</texture>
                <animation effect="fade" start="0" end="70" time="0" tween="sine" easing="in">WindowOpen</animation>
                <visible>Integer.IsGreaterOrEqual(Window().Property(percent),11)</visible>
                <visible>!Integer.IsGreaterOrEqual(Window().Property(percent),17)</visible>
            </control>
            <control type="image" id="213">
                <width>90</width>
                <height>90</height>
                <top>0</top>
                <right>0</right>
                <texture>common/umb4.png</texture>
                <animation effect="fade" start="0" end="70" time="0" tween="sine" easing="in">WindowOpen</animation>
                <visible>Integer.IsGreaterOrEqual(Window().Property(percent),12)</visible>
                <visible>!Integer.IsGreaterOrEqual(Window().Property(percent),17)</visible>
            </control>
            <control type="image" id="214">
                <width>90</width>
                <height>90</height>
                <top>0</top>
                <right>0</right>
                <texture>common/umb5.png</texture>
                <animation effect="fade" start="0" end="70" time="0" tween="sine" easing="in">WindowOpen</animation>
                <visible>Integer.IsGreaterOrEqual(Window().Property(percent),13)</visible>
                <visible>!Integer.IsGreaterOrEqual(Window().Property(percent),17)</visible>
            </control>
            <control type="image" id="215">
                <width>90</width>
                <height>90</height>
                <top>0</top>
                <right>0</right>
                <texture>common/umb6.png</texture>
                <animation effect="fade" start="0" end="70" time="0" tween="sine" easing="in">WindowOpen</animation>
                <visible>Integer.IsGreaterOrEqual(Window().Property(percent),14)</visible>
                <visible>!Integer.IsGreaterOrEqual(Window().Property(percent),17)</visible>
            </control>
            <control type="image" id="216">
                <width>90</width>
                <height>90</height>
                <top>0</top>
                <right>0</right>
                <texture>common/umb7.png</texture>
                <animation effect="fade" start="0" end="70" time="0" tween="sine" easing="in">WindowOpen</animation>
                <visible>Integer.IsGreaterOrEqual(Window().Property(percent),15)</visible>
                <visible>!Integer.IsGreaterOrEqual(Window().Property(percent),17)</visible>
            </control>
            <control type="image" id="217">
                <width>90</width>
                <height>90</height>
                <top>0</top>
                <right>0</right>
                <texture>common/umb8.png</texture>
                <animation effect="fade" start="0" end="70" time="0" tween="sine" easing="in">WindowOpen</animation>
                <visible>Integer.IsGreaterOrEqual(Window().Property(percent),16)</visible>
                <visible>!Integer.IsGreaterOrEqual(Window().Property(percent),17)</visible>
            </control>
            <control type="image" id="218">
                <width>90</width>
                <height>90</height>
                <top>0</top>
                <right>0</right>
                <texture>common/umb1.png</texture>
                <animation effect="fade" start="0" end="70" time="0" tween="sine" easing="in">WindowOpen</animation>
                <visible>Integer.IsGreaterOrEqual(Window().Property(percent),17)</visible>
                <visible>!Integer.IsGreaterOrEqual(Window().Property(percent),25)</visible>
            </control>
            <control type="image" id="219">
                <width>90</width>
                <height>90</height>
                <top>0</top>
                <right>0</right>
                <texture>common/umb2.png</texture>
                <animation effect="fade" start="0" end="70" time="0" tween="sine" easing="in">WindowOpen</animation>
                <visible>Integer.IsGreaterOrEqual(Window().Property(percent),18)</visible>
                <visible>!Integer.IsGreaterOrEqual(Window().Property(percent),25)</visible>
            </control>
            <control type="image" id="220">
                <width>90</width>
                <height>90</height>
                <top>0</top>
                <right>0</right>
                <texture>common/umb3.png</texture>
                <animation effect="fade" start="0" end="70" time="0" tween="sine" easing="in">WindowOpen</animation>
                <visible>Integer.IsGreaterOrEqual(Window().Property(percent),19)</visible>
                <visible>!Integer.IsGreaterOrEqual(Window().Property(percent),25)</visible>
            </control>
            <control type="image" id="221">
                <width>90</width>
                <height>90</height>
                <top>0</top>
                <right>0</right>
                <texture>common/umb4.png</texture>
                <animation effect="fade" start="0" end="70" time="0" tween="sine" easing="in">WindowOpen</animation>
                <visible>Integer.IsGreaterOrEqual(Window().Property(percent),20)</visible>
                <visible>!Integer.IsGreaterOrEqual(Window().Property(percent),25)</visible>
            </control>
            <control type="image" id="222">
                <width>90</width>
                <height>90</height>
                <top>0</top>
                <right>0</right>
                <texture>common/umb5.png</texture>
                <animation effect="fade" start="0" end="70" time="0" tween="sine" easing="in">WindowOpen</animation>
                <visible>Integer.IsGreaterOrEqual(Window().Property(percent),21)</visible>
                <visible>!Integer.IsGreaterOrEqual(Window().Property(percent),25)</visible>
            </control>
            <control type="image" id="223">
                <width>90</width>
                <height>90</height>
                <top>0</top>
                <right>0</right>
                <texture>common/umb6.png</texture>
                <animation effect="fade" start="0" end="70" time="0" tween="sine" easing="in">WindowOpen</animation>
                <visible>Integer.IsGreaterOrEqual(Window().Property(percent),22)</visible>
                <visible>!Integer.IsGreaterOrEqual(Window().Property(percent),25)</visible>
            </control>
            <control type="image" id="224">
                <width>90</width>
                <height>90</height>
                <top>0</top>
                <right>0</right>
                <texture>common/umb7.png</texture>
                <animation effect="fade" start="0" end="70" time="0" tween="sine" easing="in">WindowOpen</animation>
                <visible>Integer.IsGreaterOrEqual(Window().Property(percent),23)</visible>
                <visible>!Integer.IsGreaterOrEqual(Window().Property(percent),25)</visible>
            </control>
            <control type="image" id="225">
                <width>90</width>
                <height>90</height>
                <top>0</top>
                <right>0</right>
                <texture>common/umb8.png</texture>
                <animation effect="fade" start="0" end="70" time="0" tween="sine" easing="in">WindowOpen</animation>
                <visible>Integer.IsGreaterOrEqual(Window().Property(percent),24)</visible>
                <visible>!Integer.IsGreaterOrEqual(Window().Property(percent),25)</visible>
            </control>
            <control type="image" id="226">
                <width>90</width>
                <height>90</height>
                <top>0</top>
                <right>0</right>
                <texture>common/umb1.png</texture>
                <animation effect="fade" start="0" end="70" time="0" tween="sine" easing="in">WindowOpen</animation>
                <visible>Integer.IsGreaterOrEqual(Window().Property(percent),25)</visible>
            </control>
            <control type="image" id="227">
                <width>90</width>
                <height>90</height>
                <top>0</top>
                <right>0</right>
                <texture>common/umb2.png</texture>
                <animation effect="fade" start="0" end="70" time="0" tween="sine" easing="in">WindowOpen</animation>
                <visible>Integer.IsGreaterOrEqual(Window().Property(percent),26)</visible>
            </control>
            <control type="image" id="228">
                <width>90</width>
                <height>90</height>
                <top>0</top>
                <right>0</right>
                <texture>common/umb3.png</texture>
                <animation effect="fade" start="0" end="70" time="0" tween="sine" easing="in">WindowOpen</animation>
                <visible>Integer.IsGreaterOrEqual(Window().Property(percent),27)</visible>
            </control>
            <control type="image" id="229">
                <width>90</width>
                <height>90</height>
                <top>0</top>
                <right>0</right>
                <texture>common/umb4.png</texture>
                <animation effect="fade" start="0" end="70" time="0" tween="sine" easing="in">WindowOpen</animation>
                <visible>Integer.IsGreaterOrEqual(Window().Property(percent),28)</visible>
            </control>
            <control type="image" id="230">
                <width>90</width>
                <height>90</height>
                <top>0</top>
                <right>0</right>
                <texture>common/umb6.png</texture>
                <animation effect="fade" start="0" end="70" time="0" tween="sine" easing="in">WindowOpen</animation>
                <visible>Integer.IsGreaterOrEqual(Window().Property(percent),29)</visible>
            </control>
            <control type="image" id="231">
                <width>90</width>
                <height>90</height>
                <top>0</top>
                <right>0</right>
                <texture>common/umb7.png</texture>
                <animation effect="fade" start="0" end="70" time="0" tween="sine" easing="in">WindowOpen</animation>
                <visible>Integer.IsGreaterOrEqual(Window().Property(percent),30)</visible>
            </control>
            <control type="image" id="232">
                <width>90</width>
                <height>90</height>
                <top>0</top>
                <right>0</right>
                <texture>common/umb8.png</texture>
                <animation effect="fade" start="0" end="70" time="0" tween="sine" easing="in">WindowOpen</animation>
                <visible>Integer.IsGreaterOrEqual(Window().Property(percent),31)</visible>
            </control>
            <control type="image" id="233">
                <width>90</width>
                <height>90</height>
                <top>0</top>
                <right>0</right>
                <texture>common/umb8p.png</texture>
                <animation effect="fade" start="0" end="70" time="0" tween="sine" easing="in">WindowOpen</animation>
                <visible>Integer.IsEqual(Window().Property(percent),0)</visible>
            </control>
            <control type="progress" id="5000">
                <description>My progress control from hell</description>
                <left>0</left>
                <top>0</top>
                <width>100</width>
                <height>100</height>
                <visible>false</visible>
                <reveal>false</reveal>
                <texturebg colordiffuse="red">common/grayonemoar.png</texturebg>
                <info></info>
            </control>
        </control>
    </controls>
</window>
