<addon id="plugin.video.dradis" version="4.04.11" name="Dradis" provider-name="kodifitzwell">
	<requires>
		<import addon="xbmc.python" version="3.0.0" />
		<import addon="script.module.requests" />
		<import addon="plugin.video.youtube" optional="true" />
	</requires>
	<extension point="xbmc.python.pluginsource" library="dradis.py">
		<provides>video</provides>
	</extension>
	<extension point="xbmc.service" library="service.py" />
	<extension point="xbmc.addon.metadata">
		<platform>all</platform>
		<reuselanguageinvoker>true</reuselanguageinvoker>
		<license>GNU GENERAL PUBLIC LICENSE. Version 3, 29 June 2007</license>
		<assets><icon>icon.png</icon><fanart>fanart.jpg</fanart></assets>
		<summary>[COLOR red]Dradis[/COLOR] is a tracking technology used in the re-imagined Battlestar Galactica miniseries and television show, as well as related spinoff media.[CR]</summary>
		<description lang="en">This is a Non-profit resource, organized solely for educational purposes which is protected under the Fair-Use doctrine of the Copyright Act, Specifically section 107, which does promote freedom of expression, by permitting the unlicensed use of copyright-protected works.</description>
		<disclaimer lang="en">The author of this addon does not host any of the content which is found and has no affiliation with any of the content providers.[CR]The author is in no way affiliated with Kodi, Team Kodi, or the XBMC Foundation.</disclaimer>
		<news>INFO: For latest changes see Changelog within add-on.</news>
	</extension>
</addon>
