<?xml version="1.0" encoding="UTF-8"?>
<window>
    <defaultcontrol always="true">3011</defaultcontrol>
    <onload>Dialog.Close(fullscreeninfo,true)</onload>
    <onload>Dialog.Close(videoosd,true)</onload>
    <animation type="Visible" reversible="false">
        <effect type="fade" start="0" end="100" time="300" delay="0"/>
    </animation>
    <animation type="WindowOpen" reversible="false">
        <effect type="fade" start="0" end="100" time="300" delay="0"/>
    </animation>
    <controls>
        <control type="image">
            <height>400</height>
            <texture>common/dim-top.png</texture>
        </control>
        <control type="group">
            <left>80</left>
            <top>80</top>
            <height>160</height>
            <control type="group">
                <width>284</width>
                <control type="image">
                    <texture diffuse="diffuse/landscape_w284_h160.png">$INFO[Window().Property(onemoar.thumb)]</texture>
                    <aspectratio scalediffuse="false">scale</aspectratio>
                </control>
                <control type="image">
                    <texture colordiffuse="80000000">diffuse/landscape_w284_h28.png</texture>
                    <visible>!String.IsEqual(Window().Property(onemoar.episode_type),standard) + !String.IsEmpty(Window().Property(onemoar.episode_type))</visible>
                    <height>30</height>
                </control>
                <control type="image">
                    <texture>common/mid_season_finale.png</texture>
                    <height>30</height>
                    <visible>String.IsEqual(Window().Property(onemoar.episode_type),mid_season_finale)</visible>
                </control>
                <control type="image">
                    <texture>common/mid_season_premiere.png</texture>
                    <height>30</height>
                    <visible>String.IsEqual(Window().Property(onemoar.episode_type),mid_season_premiere)</visible>
                </control>
                <control type="image">
                    <texture>common/season_finale.png</texture>
                    <height>30</height>
                    <visible>String.IsEqual(Window().Property(onemoar.episode_type),season_finale)</visible>
                </control>
                <control type="image">
                    <texture>common/season_premiere.png</texture>
                    <height>30</height>
                    <visible>String.IsEqual(Window().Property(onemoar.episode_type),season_premiere)</visible>
                </control>
                <control type="image">
                    <texture>common/series_finale.png</texture>
                    <height>30</height>
                    <visible>String.IsEqual(Window().Property(onemoar.episode_type),series_finale)</visible>
                </control>
                <control type="progress" id="3014">
                    <bottom>0</bottom>
                    <height>8</height>
                </control>
            </control>
            <control type="group">
                <left>284</left>
                <control type="label">
                    <left>40</left>
                    <aligny>center</aligny>
                    <height>40</height>
                    <label>[B]Next Episode in [COLOR $INFO[Window().Property(skin.selectColor)]][B]$INFO[Player.TimeRemaining(ss)][/B][/COLOR] seconds...</label>
                    <textcolor>ffededed</textcolor>
                    <!-- <font>font_mainlabel</font> -->
					<visible>Integer.IsLess(Player.TimeRemaining,60)</visible>
                </control>
				<control type="label">
                    <left>40</left>
                    <aligny>center</aligny>
                    <height>40</height>
                    <label>[B]Next Episode in [COLOR $INFO[Window().Property(skin.selectColor)]]$INFO[Player.TimeRemaining(m:ss)][/B][/COLOR]</label>
                    <textcolor>ffededed</textcolor>
                    <!-- <font>font_mainlabel</font> -->
					<visible>Integer.IsGreaterOrEqual(Player.TimeRemaining,60)</visible>
                </control>
                <control type="group">
                    <left>44</left>
                    <top>40</top>
                    <height>40</height>
                    <control type="group">
                        <centertop>50%</centertop>
                        <height>80</height>
                        <control type="image">
                            <aspectratio align="left">keep</aspectratio>
                            <texture colordiffuse="e7ededed">flags/quality/info.png</texture>
                            <centertop>52%</centertop>
                            <width>37</width>
                            <height>24</height>
                        </control>
                        <control type="grouplist">
                            <left>47</left>
                            <orientation>horizontal</orientation>
                            <height>80</height>
                            <itemgap>10</itemgap>
                            <control type="button">
                                <width>auto</width>
                                <aligny>center</aligny>
                                <label>$INFO[Window().Property(onemoar.tvshowtitle),, - ]$INFO[Window().Property(onemoar.season),,]x$INFO[Window().Property(onemoar.episode),, - ]$INFO[Window().Property(onemoar.title)]</label>
                                <textcolor>e7ededed</textcolor>
                                <!-- <font>font_mini_bold</font> -->
                                <visible>!String.IsEmpty(Window.Property(onemoar.title))</visible>
                                <textoffsetx>0</textoffsetx>
                                <texturefocus />
                                <texturenofocus />
                            </control>
                            <control type="button">
                                <width>auto</width>
                                <aligny>center</aligny>
                                <label>$INFO[Window().Property(onemoar.rating)]</label>
                                <textcolor>e7ededed</textcolor>
                                <!-- <font>font_mini_bold</font> -->
                                <visible>!String.IsEmpty(Window.Property(onemoar.rating))</visible>
                                <textoffsetx>0</textoffsetx>
                                <texturefocus />
                                <texturenofocus />
                            </control>
                            <control type="group">
                                <control type="image">
                                    <description>rating icon</description>
                                    <top>18</top>
                                    <width>26</width>
                                    <height>26</height>
                                    <aspect>keep</aspect>
                                    <texture colordiffuse="$INFO[Window().Property(skin.selectColor)]">common/star.png</texture>
                                    <animation effect="slide" end="0,8" time="0" condition="true">Conditional</animation>
                                    <visible>!String.IsEmpty(Window().Property(onemoar.rating))</visible>
                                </control>
                            </control>
                        </control>
                    </control>
                </control>
                <control type="grouplist">
                    <left>30</left>
                    <top>100</top>
                    <width>530</width>
                    <height>70</height>
                    <orientation>horizontal</orientation>
                    <itemgap>10</itemgap>
                    <control type="button" id="3013">
                        <description>Now</description>
                        <width>160</width>
                        <height>60</height>
                        <onleft>12</onleft>
                        <onright>11</onright>
                        <label>Hide</label>
                        <font>font10</font>
                        <textcolor>FFB7B4BB</textcolor>
                        <focusedcolor>FF302F2F</focusedcolor>
                        <texturefocus colordiffuse="$INFO[Window().Property(skin.selectColor)]" border="30">common/circle.png</texturefocus>
                        <texturenofocus colordiffuse="1fdedede" border="30">common/circle.png</texturenofocus>
                        <align>center</align>
                        <visible>String.IsEmpty(Window().Property(onemoar.hidebutton))</visible>
                    </control>
                    <control type="button" id="3011">
                        <description>Yes</description>
                        <width>160</width>
                        <height>60</height>
                        <onleft>12</onleft>
                        <onright>11</onright>
                        <label>Play</label>
                        <font>font10</font>
                        <textcolor>FFB7B4BB</textcolor>
                        <focusedcolor>FF302F2F</focusedcolor>
                        <texturefocus colordiffuse="$INFO[Window().Property(skin.selectColor)]" border="30">common/circle.png</texturefocus>
                        <texturenofocus colordiffuse="1fdedede" border="30">common/circle.png</texturenofocus>
                        <align>center</align>
                    </control>
                    <control type="button" id="3012">
                        <description>No</description>
                        <width>160</width>
                        <height>60</height>
                        <onleft>11</onleft>
                        <onright>10</onright>
                        <label>Stop</label>
                        <font>font10</font>
                        <textcolor>FFB7B4BB</textcolor>
                        <focusedcolor>FF302F2F</focusedcolor>
                        <texturefocus colordiffuse="$INFO[Window().Property(skin.selectColor)]" border="30">common/circle.png</texturefocus>
                        <texturenofocus colordiffuse="1fdedede" border="30">common/circle.png</texturenofocus>
                        <align>center</align>
                    </control>
                </control>
            </control>
        </control>
        <control type="button" id="3013">
            <nested />
            <top>-1000</top>
            <left>-1000</left>
            <width>1</width>
            <height>1</height>
            <texturefocus />
            <texturenofocus />
            <font />
            <visible allowhiddenfocus="true">False</visible>
        </control>
    </controls>
</window>