<?xml version="1.0" encoding="UTF-8"?>
<window>
    <controls>
        <control type="group">
            <control type="image">
                <description>background</description>
                <left>0</left>
                <top>0</top>
                <width>1920</width>
                <height>1080</height>
                <texture>common/black.png</texture>
            </control>
            <control type="image">
                <left>0</left>
                <top>0</top>
                <width>1920</width>
                <height>1080</height>
                <texture background="true">$INFO[Window.Property(onemoar.fanart)]</texture>
                <visible>String.IsEqual(Window().Property(onemoar.fanartBG),1)</visible>
                <animation effect="fade" start="100" end="20" time="0" tween="sine" easing="in">WindowOpen</animation>
            </control>
            <control type="image">
                <left>0</left>
                <top>0</top>
                <width>1920</width>
                <height>1080</height>
                <texture background="true">$INFO[Window.Property(onemoar.fanartdefault)]</texture>
                <visible>String.IsEqual(Window().Property(onemoar.fanartBG),0)</visible>
                <animation effect="fade" start="100" end="20" time="0" tween="sine" easing="in">WindowOpen</animation>
            </control>
        </control>
        <control type="group">
            <animation type="WindowOpen" reversible="false">
                <effect type="fade" start="0" end="80" time="200" tween="sine" easing="in" />
                <effect type="slide" start="0,-360" end="0" time="200" center="auto" tween="cubic" easing="in" />
            </animation>
            <control type="label" id="204">
                <width>280</width>
                <height>20</height>
                <top>20</top>
                <right>10</right>
                <label>$ADDON[plugin.video.onemoar 40337]</label>
                <animation effect="fade" start="100" end="70" time="0" tween="sine" easing="in">WindowOpen</animation>
            </control>
            <control type="image" id="203">
                <animation effect="fade" start="0" end="100" time="200">WindowOpen</animation>
                <width max="480">auto</width>
                <height>160</height>
                <top>10</top>
                <centerleft>50%</centerleft>
                <aspectratio>keep</aspectratio>
                <texture background="true">$INFO[Window.Property(onemoar.clearlogo)]</texture>
            </control>
            <control type="textbox" id="2001">
                <centertop>70%</centertop>
                <centerleft>50%</centerleft>
                <width>800</width>
                <height>300</height>
                <font>font12</font>
                <align>center</align>
                <textcolor>FFB7B4BB</textcolor>
            </control>
        </control>
        <control type="group">
            <animation type="WindowOpen" reversible="false">
                <effect type="fade" start="0" end="80" time="200" tween="sine" easing="in" />
                <effect type="slide" start="0,-360" end="0" time="200" center="auto" tween="cubic" easing="in" />
            </animation>
            <control type="image" id="2021">
                <width>200</width>
                <height>200</height>
                <centertop>50%</centertop>
                <centerleft>50%</centerleft>
                <texture colordiffuse="FF37B6FF">common/bubble.gif</texture>
                <!--animation effect="fade" start="90" end="90">visible</animation-->
                <visible>Integer.IsGreater(Window().Property(percent),0)</visible>
            </control>
            <control type="progress" id="5000">
                <description>My progress control from hell</description>
                <left>0</left>
                <bottom>0</bottom>
                <width>100</width>
                <height>100</height>
                <visible>false</visible>
                <reveal>false</reveal>
                <texturebg colordiffuse="FF37B6FF">common/grayonemoar.png</texturebg>
                <info></info>
            </control>
        </control>
    </controls>
</window>
