<addon id="plugin.video.dradis" version="4.04.02" name="Dradis" provider-name="kodifitzwell">
	<requires>
		<import addon="xbmc.python" version="3.0.0" />
		<import addon="script.module.requests" />
		<import addon="plugin.video.youtube" optional="true" />
	</requires>
	<extension point="xbmc.python.pluginsource" library="dradis.py">
		<provides>video</provides>
	</extension>
	<extension point="xbmc.service" library="service.py" start="startup" />
	<extension point="xbmc.python.module" library="resources/lib/" />
	<extension point="xbmc.addon.metadata">
		<platform>all</platform>
		<reuselanguageinvoker>true</reuselanguageinvoker>
		<license>GNU GENERAL PUBLIC LICENSE. Version 3, 29 June 2007</license>
		<assets><icon>icon.png</icon><fanart>fanart.jpg</fanart></assets>
		<summary lang="en">[COLOR red]Dradis[/COLOR] - We do not host any of the contents streamed</summary>
		<description lang="en">[COLOR red][B]Dradis[/B][/COLOR][CR]The author does not host any of the content in this addon and takes no responsibility for content found.[CR]This addon does not form part of the Kodi Media Centre. Please do not seek assistance with this addon from any of the Official Kodi Support Channels.</description>
		<disclaimer lang="en">The author of this addon does not host any of the content which is found and have no affiliation with any of the content providers. This addon simply searches websites for content. Use at your own risk!</disclaimer>
		<news>For latest changes see Changelog within add-on.</news>
	</extension>
</addon>
